1000 	1000 
1280 	1280 
12ème 	12ème 
14ème 	14ème 
17ème 	17ème 
1980 	1980 
1990 	1990 
1992 	1992 
1b 	1b 
1er 	1er 
1ère 	1ère 
20 	20 
2006 	2006 
2007 	2007 
2009 	2009 
2010 	2010 
2011 	2011 
2012 	2012 
2013 	2013 
2014 	2014 
2030 	2030 
2040 	2040 
2050 	2050 
25ème 	25ème 
2d 	2d 
2ème 	2ème 
3 	3 
33ème 	33ème
33èmes 	33ème
35 	35 
3d 	3d 
3dau 	3dau 
3e 	3e 
3ème 	3ème 
40 	40 
45 	45 
4ème 	4ème 
4i 	4i 
5 	5 
5ème 	5ème 
60 	60 
6ème 	6ème 
7ème 	7ème 
8 	8 
8ème 	8ème 
90 	90 
9ème 	9ème 
a 	a 
à 	à 
a320 	a320 
abattus 	abattus 
abeilles 	abeilles 
abondante 	abondante 
abord 	abord
abordées 	abord
aborder 	abord
abouti 	abouti
aboutir 	abouti
absorber 	absorber 
académie 	académi
académique 	académi
accélérateur 	accélérateur
accélérateurs 	accélérateur
accélérer 	accélér
acceptabilité 	acceptabilité 
accès 	accès 
accompagne 	accompagn
accompagnées 	accompagn
accompagnés 	accompagn
accorde 	accorde 
accroît 	accroît
accroître 	accroît
accumulation 	accumulation 
achèvent 	achèvent 
acide 	acide
acides 	acide
acoustique 	acoustique
acoustiques 	acoustique
acousto 	acoust
acteurs 	acteurs 
actifs 	actifs 
actilait 	actilait 
actions 	actions 
activation 	activation 
active 	active 
activement 	activement 
actives 	actives 
activés 	activés 
activité 	activité
activités 	activité
actuellement 	actuel
actuels 	actuel
adaptatif 	adapt
adaptation 	adapt
adaptations 	adapt
adaptées 	adapt
adapter 	adapt
adept 	adept 
adhérentes 	adhérent
adhérents 	adhérent
adhérer 	adhére
adjoints 	adjoints 
administration 	administration 
adn 	adn 
aérien 	aérien 
aero 	aero
aerocampus 	aero
aérodynamique 	aérodynamique 
aerokwai 	aero
aéronautique 	aéronautique 
aerosol 	aero
aerospatial 	aero
aérospatial 	aérospatial 
aérothermique 	aérothermique 
affectent 	affect
affection 	affect
affiché 	affiché 
affinés 	affinés 
afin 	afin 
africain 	afri
afrique 	afri
age 	age 
âge 	âge 
âgé 	âgé 
agence 	agen
agent 	agen
agents 	agen
âges 	âges 
âgés 	âgés 
agira 	agira 
agissait 	agiss
agissent 	agiss
agit 	agit 
agréée 	agréée 
agrégats 	agrégats 
agrene 	agrene 
agricole 	agricole
agricoles 	agricole
agriculture 	agric
agro 	agro 
agroalimenaire 	agroalimen
agroalimentaire 	agroalimen
agroécologie 	agroécologie 
agroenvironnement 	agroenvironnement 
agroparistech 	agroparistech 
ai 	ai 
aide 	aide
aider 	aide
ailleurs 	ailleurs 
aime 	aime 
ainsi 	ainsi 
air 	air 
airbus 	airbus 
ajoute 	ajout
ajouté 	ajout
ajouter 	ajout
ajoutons 	ajout
ajusteuse 	ajusteuse 
albert 	albert 
aldebaran 	aldebaran 
ales 	ales 
algues 	algues 
alimentaire 	aliment
alimentaires 	aliment
alimentation 	aliment
alimenter 	aliment
aliments 	aliment
allaité 	allait
allaitement 	allait
allant 	allant 
allenvi 	allenvi 
aller 	aller 
allergies 	allergies 
allez 	allez 
alliance 	alliance 
allons 	allons 
alone 	alone 
along 	along 
alors 	alors 
alpes 	alpes 
alpine 	alpine 
alternatifs 	alternati
alternative 	alternative
alternatives 	alternative
ambitieux 	ambitieux 
améliorer 	améliorer 
aménagement 	aménagement 
america 	america 
américain 	américain
américaine 	américain
amérique 	améri
aminé 	aminé
aminés 	aminé
ammoniac 	ammoniac 
amplement 	amplement 
amusant 	amus
amusez 	amus
an 	an 
analogue 	analogue
analogues 	analogue
analyse 	analys
analysée 	analys
analyser 	analys
analyses 	analys
anantharaman 	anantharaman 
and 	and 
anesthésique 	anesthésique 
angewandte 	angewandte 
anglais 	anglais 
angleterre 	angleterre 
angströms 	angströms 
animal 	anima
animale 	anima
animales 	anima
animaux 	anima
anneau 	anneau 
année 	année
années 	année
annuel 	annuel
annuelle 	annuel
anomalie 	anomalie
anomalies 	anomalie
anr 	anr 
ans 	ans 
antennes 	antennes 
anticorps 	anticorps 
antioxydants 	antioxydants 
antipolis 	antipolis 
août 	août 
apparaissent 	appar
apparaît 	appar
appareiller 	appareil
appareils 	appareil
appel 	appel
appelle 	appelle
appellent 	appelle
application 	application
applications 	application
appliquant 	appliqu
appliquées 	appliqu
appliquent 	appliqu
apportent 	apporte
apporter 	apporte
apprécié 	apprécié
appréciée 	apprécié
appréhender 	appréhender 
apprenait 	appren
apprenti 	apprenti
apprentissage 	apprentissage
apprentissages 	apprentissage
approche 	approche 
après 	après 
aquitaine 	aquitaine 
arbre 	arbre
arbres 	arbre
archéologie 	archéolog
archéologues 	archéolog
architectes 	architect
architecture 	architecture
architectures 	architecture
arctique 	arctique 
argument 	argument 
arkamys 	arkamys 
armée 	armée 
armement 	armement 
arn 	arn 
arnaud 	arnaud 
arôme 	arôme
arômes 	arôme
array 	array 
arrivée 	arrivée 
artemis 	artemis 
artichaut 	artichaut 
artificiel 	artificiel
artificielle 	artificiel
arts 	arts 
asie 	asie 
aspects 	aspects 
assemblage 	assembl
assemblages 	assembl
assemblées 	assembl
assembler 	assembl
assemblés 	assembl
assez 	assez 
assiette 	assiette 
assises 	assises 
assistent 	assistent 
assocation 	assoc
associant 	assoc
association 	assoc
associé 	assoc
associés 	assoc
assurant 	assur
assure 	assur
atmosphère 	atmosphère 
atomes 	atomes 
atteints 	atteints 
attendus 	attendus 
attentes 	attentes 
attentif 	attentif 
attention 	attention 
atténuation 	atténuation 
attitudes 	attitudes 
attractifs 	attractifs 
attribuée 	attribuée
attribuées 	attribuée
audition 	audition 
augmente 	augmente
augmenter 	augmente
aujourd 	aujourd 
aupalesens 	aupalesens 
auprès 	auprès 
auquel 	auquel 
aurait 	aurait 
auront 	auront 
aussi 	aussi 
autant 	autant 
auto 	auto 
automobile 	automobile 
autonomes 	autonom
autonomie 	autonom
autour 	autour 
autre 	autre
autrement 	autre
autres 	autre
auvergne 	auvergne 
aux 	aux 
auxquelles 	auxquel
auxquels 	auxquel
avait 	avait 
avant 	avant
avantages 	avantage
avantageuses 	avantage
avenir 	aven
aventure 	aven
avère 	avère 
aviation 	aviation 
avis 	avis 
avoir 	avoir 
avons 	avons 
avril 	avril 
axé 	axé 
azote 	azot
azotée 	azot
azur 	azur 
bachelor 	bachelor 
bactérienne 	bactérie
bactéries 	bactérie
baisse 	baisse 
bali 	bali 
baptisée 	baptisée 
barquettes 	barquettes 
base 	base 
basées 	basées 
bases 	bases 
basés 	basés 
bassin 	bassin 
batiénergie 	batiénergie 
battent 	batte
batteries 	batte
beau 	beau
beaucoup 	beau
bel 	bel 
belle 	belle 
bénéficie 	bénéfici
bénéficier 	bénéfici
bénéficions 	bénéfici
benefit 	benefit 
berlin 	berlin 
besoin 	besoin
besoins 	besoin
bic 	bic 
bien 	bien
bientôt 	bien
bilan 	bilan 
bio 	bio 
bioalliance 	bioalliance 
bioaxial 	bioaxial 
biocarburant 	biocarburant
biocarburants 	biocarburant
biocore 	biocore 
biodiversité 	biodiversité 
bioénergies 	bioénergies 
biofilms 	biofilms 
biogaz 	biogaz 
biogenèse 	biogenèse 
biologie 	biologi
biologique 	biologi
biologiques 	biologi
biologiste 	biologi
bioluminescence 	bioluminescence 
biom 	biom 
biomédical 	biomédical 
biométhane 	biométhane 
biomimétique 	biomimétique
biomimétiques 	biomimétique
biophytis 	biophytis 
biopuce 	biopuce 
biosimilaires 	biosimilaires 
biotechnologies 	biotechnolog
biotechnology 	biotechnolog
biothon 	biothon 
biovision 	biovision 
biscarosse 	biscarosse 
bit 	bit 
bloc 	bloc 
bois 	bois 
boîte 	boîte 
bon 	bon 
bons 	bons 
booster 	booster 
bord 	bord
bordeaux 	bord
bouffe 	bouffe 
bouge 	bouge 
bourgogne 	bourgogne 
boutade 	boutade 
bovine 	bovine 
brecht 	brecht 
brésil 	brésil 
bretagne 	bretagne 
brevet 	brevet
brevets 	brevet
brgm 	brgm 
brique 	brique
briques 	brique
brosser 	brosser 
brûler 	brûler 
budget 	budget 
bulles 	bulles 
but 	but 
c 	c 
°c 	°c 
ça 	ça 
câblé 	câblé
câblés 	câblé
cadences 	cadences 
cadre 	cadre 
caillage 	caill
caillette 	caill
calais 	calais 
calcul 	calcul 
calédonien 	calédonien 
caltech 	caltech 
caméra 	caméra
caméras 	caméra
camerounais 	camerounais 
campus 	campus 
cancer 	cancer 
candidats 	candidats 
cantogether 	cantogether 
cap 	cap 
capable 	capable
capables 	capable
capacité 	capacité
capacités 	capacité
capitale 	capitale 
captent 	capte
capter 	capte
capteurs 	capte
caractérisation 	caractéris
caractérise 	caractéris
caractérisées 	caractéris
caractéristiques 	caractéris
carbone 	carbon
carbonique 	carbon
carburants 	carburants 
carminatti 	carminatti 
carnot 	carnot 
carrefour 	carrefour 
carrière 	carrière 
carte 	carte 
cartographie 	cartographie
cartographier 	cartographie
cas 	cas 
casablanca 	casablanca 
cascade 	cascade 
catalyse 	catalyse 
catégories 	catégories 
cause 	cause
causes 	cause
cci 	cci 
ce 	ce 
cea 	cea 
ceci 	ceci 
cédric 	cédric 
cela 	cela 
celle 	celle 
celles 	celles 
celllules 	celllules 
cellulaire 	cellul
cellules 	cellul
celui 	celui 
cemagref 	cemagref 
cent 	cent
centaine 	cent
central 	cent
centrale 	cent
centre 	cent
cependant 	cependant 
céramique 	céramique 
cérébrale 	cérébrale 
certain 	certain
certaine 	certain
certaines 	certain
certains 	certain
cerveau 	cerveau 
ces 	ces 
cesse 	cesse 
cessé 	cessé 
cet 	cet 
ceti 	ceti 
cette 	cette 
ceux 	ceux 
chacun 	chacun
chacune 	chacun
chain 	chain 
chaîne 	chaîne
chaînes 	chaîne
chaire 	chaire 
challenges 	challenges 
chambre 	chambre 
champ 	champ 
chance 	chance 
changement 	changement
changements 	changement
chaque 	chaque 
charge 	charge 
charpak 	charpak 
chassent 	chasse
chasser 	chasse
chaud 	chaud
chaudes 	chaud
chemie 	chemie 
cherche 	cherche
chercher 	cherche
chercheur 	cherche
chercheurs 	cherche
chercheuse 	cherche
cherchez 	cherche
cherenkov 	cherenkov 
chez 	chez 
chimie 	chimi
chimiométrie 	chimi
chimiométriques 	chimi
chimique 	chimi
chimiques 	chimi
chimiste 	chimi
chine 	chine 
chirurgie 	chirurgie
chirurgiens 	chirurgie
chocolats 	chocolats 
choisir 	choisi
choisis 	choisi
chose 	chose 
chromophore 	chro
chrono 	chrono
chronologie 	chrono
chymosine 	chymosine 
ci 	ci 
cible 	cibl
ciblée 	cibl
ciment 	ciment 
cinq 	cinq
cinquante 	cinquante
cinquantenaire 	cinquante
cirad 	cirad 
circle 	circle 
circuits 	circuits 
civil 	civil
civile 	civil
civiles 	civil
classent 	class
classés 	class
classique 	classique
classiquement 	classique
classiques 	classique
clé 	clé 
clermont 	clermont 
clés 	clés 
client 	client
clients 	client
climat 	climat
climatique 	climatique
climatiques 	climatique
clinique 	clinique
cliniquement 	clinique
cluster 	cluster 
cnes 	cnes 
cnrs 	cnrs 
co2 	co2 
coag 	coag
coagulant 	coagulant
coagulante 	coagulant
coagulantes 	coagulant
coagulants 	coagulant
coagulation 	coagul
coaguler 	coagul
cocotier 	cocotier 
code 	code 
coeur 	coeur 
cognitives 	cognitives 
cohérents 	cohérents 
cohortes 	cohortes 
col 	col 
cold 	cold 
collaborateurs 	collaborat
collaboratif 	collaborat
collaboration 	collaborat
collaborent 	collabor
collaborer 	collabor
colleaux 	colleaux 
collectées 	collect
collectives 	collect
collègues 	collègues 
coller 	coller 
colloque 	colloque
colloques 	colloque
colorant 	colorant 
colza 	colza 
combiner 	combiner 
combustible 	combusti
combustion 	combusti
comme 	comme 
commence 	commence 
commencèrent 	commencèrent 
comment 	comment 
commerce 	commerc
commerciales 	commercial
commercialisation 	commercial
commission 	commission 
commun 	commun
communiquer 	commun
comparable 	comparable 
comparé 	comparé 
comparer 	comparer 
compatible 	compatible 
compenser 	compenser 
compétitifs 	compétiti
compétitivité 	compétiti
compilant 	compil
compiler 	compil
complémentaire 	complémentaire
complémentaires 	complémentaire
complète 	complète
complètes 	complète
complexe 	complexe
complexes 	complexe
comportant 	comport
comportement 	comport
composant 	composant
composante 	composant
composants 	composant
composé 	composé 
composées 	composées 
composites 	composit
composition 	composit
comprendre 	compren
comprenez 	compren
compris 	compris 
compte 	compte
compter 	compte
computational 	computational 
comté 	comté 
concentre 	concentre 
concept 	concept
conception 	concept
concepts 	concept
concernant 	concern
concerne 	concern
concernent 	concern
concernés 	concern
concevoir 	concevoir 
conclut 	conclut 
concours 	concours 
concrétisé 	concrétisé 
conçu 	conçu 
concurrents 	concurrents 
conçus 	conçus 
conditionnées 	condition
conditionnement 	condition
conditions 	condition
conducteur 	conducteur
conducteurs 	conducteur
conductrices 	conduct
conduit 	conduit
conduites 	conduit
conférence 	conférence 
confirment 	confirment 
confortables 	confortables 
confronté 	confronté
confrontés 	confronté
congrès 	congrès 
conjonction 	conjonction 
connaissances 	connaiss
connaisseurs 	connaiss
connaître 	connaître 
connectés 	connect
connecting 	connect
connectique 	connect
connexion 	connexion
connexions 	connexion
connu 	connu 
connues 	connues 
consacrée 	consacr
consacrent 	consacr
conscience 	conscience 
conseil 	conseil
conseils 	conseil
conséquent 	conséquent 
conservant 	conserv
conservateurs 	conserv
conserver 	conserv
considérés 	considérés 
consiste 	consist
consisté 	consist
consolide 	consolide 
consommateurs 	consomm
consommation 	consomm
consommé 	consomm
consommée 	consomm
consomment 	consomm
consommés 	consomm
constants 	constants 
constatant 	constatant 
constate 	constate 
constitue 	constitue
constituent 	constitue
constructeur 	construct
construction 	construct
construire 	constru
construit 	constru
consumer 	consumer 
contact 	contact
contacts 	contact
contenir 	contenir 
contenu 	contenu 
contexte 	contexte 
contient 	contient 
continue 	continue 
contraintes 	contraintes 
contraire 	contraire
contrairement 	contraire
contrat 	contrat 
contre 	contre 
contrer 	contrer 
contribuer 	contribuer 
contrôle 	contrôl
contrôlé 	contrôl
contrôlée 	contrôl
contrôler 	contrôl
controverses 	controverses 
conventions 	conventions 
coopération 	coopération
coopérations 	coopération
coordinateur 	coordinat
coordinatrice 	coordinat
coordonne 	coordonne
coordonner 	coordonne
cornée 	cornée 
corps 	corps 
correctement 	correctement 
corrélé 	corrélé 
cosmétiques 	cosmét
cosmétologie 	cosmét
cosmiques 	cosm
côte 	côte 
côté 	côté 
couches 	couches 
coulisses 	coulisses 
coupe 	coupe 
couplage 	couplage 
courant 	courant 
courbure 	courbure 
cours 	cours 
courtes 	courtes 
coût 	coût
coûteux 	coût
coûts 	coût
couvre 	couvr
couvrent 	couvr
couvrir 	couvr
crânien 	crânien 
créant 	créa
créateurs 	créa
creathes 	creathes 
créatifs 	créati
création 	créati
crèches 	crèches 
crédibles 	crédibles 
crée 	crée 
créé 	créé
créée 	créé
créer 	créer 
criminalité 	criminalité 
crise 	crise 
cristaux 	cristaux 
croire 	croire 
croissance 	croissan
croissant 	croissan
croissante 	croissan
croître 	croître 
cryosat 	cryosat 
csga 	csga 
cuisine 	cuisine 
cultivées 	cultivé
cultivés 	cultivé
culture 	cult
curie 	curie 
cuve 	cuve 
cyber 	cyber 
cycle 	cycl
cycles 	cycl
cyclique 	cycl
danemark 	danemark 
danois 	danois 
dassault 	dassault 
datée 	datée 
dattier 	dattier 
davantage 	davantage 
dcns 	dcns 
débarque 	débarque 
débats 	débats 
débit 	débit 
déboucher 	déboucher 
début 	début 
décennie 	décennie
décennies 	décennie
décernait 	décern
décerné 	décern
déchets 	déchets 
décisions 	décisions 
déclare 	déclare 
découpées 	décou
découvert 	découvert
découverte 	découvert
découvertes 	découvert
découvrir 	décou
dédié 	dédié 
défaut 	défaut 
défectueux 	défectueux 
defense 	defense 
défense 	défense 
défi 	défi 
déficience 	déficience
déficiences 	déficience
déficits 	défici
définie 	définie 
défis 	défis 
deformation 	deformation 
degré 	degré 
dégustation 	dégustation 
déjà 	déjà 
delà 	delà 
délais 	délais 
délégations 	délég
délégué 	délég
dels 	dels 
delta 	delta 
demain 	dema
demand 	demand
demande 	demand
demandeur 	demand
démantèlement 	démantèlement 
démarche 	démarche 
démocratisation 	démocratis
démocratise 	démocratis
démonstrateurs 	démonstrat
démonstration 	démonstration
démonstrations 	démonstration
démontré 	démontr
démontrer 	démontr
dengue 	dengue 
départ 	départ
département 	départ
dépassement 	dépassement 
dépendent 	dépend
dépendons 	dépend
dépistage 	dépistage 
déplacer 	déplacer 
déployer 	déployer 
depos 	depos 
déposés 	déposés 
dépôt 	dépôt 
depuis 	depuis 
dernier 	dernier
derniers 	dernier
déroulent 	déroulent 
derrière 	derrière 
dès 	dès 
descartes 	descartes 
designer 	designer 
désormais 	désormais 
desquelles 	desquelles 
destinées 	destiné
destinés 	destiné
détecter 	détect
détecteur 	détect
détection 	détect
détergentes 	détergent
détergents 	détergent
déterminent 	détermine
déterminer 	détermine
détruire 	détruire 
deux 	deux 
développe 	développ
développé 	développ
développée 	développ
développées 	développ
développement 	développement
développements 	développement
développent 	développ
développer 	développ
développés 	développ
devenue 	devenue 
deviennent 	deviennent 
devra 	devra 
devraient 	devraient 
devrait 	devrait 
devront 	devront 
dga 	dga 
di 	di 
diabétiques 	diabétiques 
diagnostic 	diagnostic 
diamètre 	diamètre
diamètres 	diamètre
didactique 	didactique
didactiques 	didactique
diderot 	diderot 
diète 	diète 
différences 	diff
différent 	diff
diffèrent 	diff
différente 	diff
différentes 	diff
différents 	diff
difficile 	diff
difficulté 	diff
diffusion 	diff
digestion 	digesti
digestives 	digesti
dijon 	dijon 
dimensions 	dimensions 
dimères 	dimères 
diminuant 	diminu
diminuer 	diminu
diminution 	diminu
diplômes 	diplômes 
dire 	dire
directement 	direct
directeur 	direct
directeurs 	direct
direction 	direct
directions 	direct
directrice 	direct
disasolar 	disasolar 
disciplines 	disciplines 
discrimination 	discrimination 
disparaissant 	disparaissant 
dispensing 	dispensing 
disperse 	dispers
disperser 	dispers
dispersés 	dispers
disponibles 	disponibles 
disposant 	disposant 
dispose 	dispose 
disposent 	disposent 
disposer 	disposer 
dispositif 	dispositi
disposition 	dispositi
dissertent 	dissertent 
distance 	distance 
distinction 	distinction 
distribuer 	distribuer 
dit 	dit 
dite 	dite 
dites 	dites 
dits 	dits 
divers 	divers
diverses 	divers
diversification 	divers
dix 	dix 
dizaine 	dizaine
dizaines 	dizaine
doit 	doit 
doivent 	doivent 
domaine 	domaine
domaines 	domaine
domicile 	domicile 
domotique 	domotique 
donc 	donc 
donnant 	donnant 
donne 	donne 
donné 	donné 
données 	données 
donner 	donner 
donneurs 	donneurs 
dont 	dont 
dopage 	dopage 
doper 	doper 
dordogne 	dordogne 
dosage 	dosage 
dose 	dose 
doses 	doses 
dressé 	dress
dresser 	dress
droit 	droit 
drone 	drone
drones 	drone
druon 	druon 
dsp 	dsp 
dt 	dt 
dual 	dual 
duflo 	duflo 
durabilité 	durab
durable 	durable
durables 	durable
durcit 	durcit 
durée 	durée
durées 	durée
dynacomp 	dyna
dynamique 	dynami
dynamiser 	dynami
e 	e 
eads 	eads 
eau 	eau 
ébauche 	ébauche 
écarts 	écarts 
échanger 	échan
échantillonner 	échantillon
échantillons 	échantillon
échecs 	échecs 
échelle 	échelle 
eco 	eco 
éco 	éco 
ecolab 	ecol
ecole 	ecol
école 	école 
ecoles 	ecoles 
écoles 	écoles 
ecologie 	ecologie 
écologie 	écologi
écologique 	écologique
écologiques 	écologique
economie 	economie 
économie 	économie 
economique 	economique 
économique 	économique
économiquement 	économique
économiques 	économique
économiste 	économi
écoproduits 	écoproduits 
ecosym 	ecosym 
écosystèmes 	écosystèmes 
ecotechnologies 	ecotechnologies 
écotoxiques 	écotoxiques 
écrans 	écrans 
ecrire 	ecrire 
eden 	eden 
edf 	edf 
édition 	édition 
education 	education 
éducation 	éducation 
éduquées 	éduquées 
effectivement 	effect
effectuant 	effect
effectués 	effect
effet 	effet 
effets 	effets 
efficace 	efficac
efficacité 	efficac
effondre 	effondre 
également 	également 
égide 	égide 
egly 	egly 
élaboration 	élaboration 
élan 	élan 
élastographie 	élastographie 
électricité 	électr
électrique 	électrique
électriques 	électrique
électromagnétiques 	électr
électronique 	électronique
électroniques 	électronique
élémentaires 	élément
éléments 	élément
élevée 	élevée 
elle 	elle
elles 	elle
elleune 	elle
emac 	emac 
emballage 	emballage
emballages 	emballage
embarqués 	embarqués 
embaucher 	embaucher 
emblée 	emblée 
émergence 	émerge
émergents 	émerge
émerger 	émerge
émettent 	émettent 
émissions 	émissions 
empiler 	empiler 
encapsulation 	encapsulation 
enclin 	enclin 
encore 	encore 
endocrinien 	endocrinien 
endroit 	endroit 
endurance 	endurance 
énergétique 	énerg
énergie 	énergie
énergies 	énergie
energy 	energy 
enfance 	enfan
enfant 	enfan
enfants 	enfan
enfantsdu 	enfan
enfin 	enfin 
engage 	engage 
engrais 	engrais 
enil 	enil 
enjeux 	enjeux 
énorme 	énorme 
enquête 	enquête 
enregistre 	enregistre
enregistrements 	enregistre
enregistrer 	enregistre
ensaplv 	ensaplv 
enseignement 	enseignement 
ensemble 	ensemble 
ensta 	ensta 
ensuite 	ensuite 
entament 	entament 
enterome 	enterome 
enthousiasme 	enthousiasme 
entités 	entités 
entraîne 	entraîne 
entre 	entre 
entrepreneur 	entrepr
entreprise 	entreprise
entreprises 	entreprise
envers 	envers 
environ 	environ
environmental 	environ
environnant 	environ
environnement 	environ
environnementale 	environ
environnementales 	environ
environnementaux 	environ
envisat 	envisat 
envoi 	envoi 
envoyées 	envoyées 
envoyer 	envoyer 
envoyés 	envoyés 
enzymatique 	enzymatique
enzymatiques 	enzymatique
enzyme 	enzym
enzymes 	enzym
eolienne 	eolienne 
éoliennes 	éoliennes 
ephe 	ephe 
épidémiologie 	épidémiologi
épidémiologique 	épidémiologi
épigénétique 	épigénétique 
epilepsie 	epilepsie 
époque 	époque 
epsetein 	epsetein 
epsztein 	epsztein 
equilibre 	equilibre 
équine 	équi
équipe 	équi
équipement 	équipement
équipements 	équipement
équipes 	équi
équipés 	équi
era 	era 
erasmus 	erasmus 
eric 	eric 
érosion 	érosion 
esiee 	esiee 
espace 	espace 
espagnole 	espagnole 
espci 	espci 
espèce 	espèce
espèces 	espèce
espère 	espère 
esprit 	esprit
espritau 	esprit
esquisse 	esquisse 
essai 	essai 
essayant 	essayant 
essca 	essca 
essentiel 	essentiel
essentiellement 	essentiel
essentielles 	essentiel
essentiels 	essentiel
esther 	esther 
estimation 	estim
estime 	estim
estiment 	estim
estimer 	estim
estomac 	estom
estompent 	estom
estp 	estp 
estuaires 	estuaires 
esturgeons 	esturgeons 
établissant 	établiss
établissement 	établissement
établissements 	établissement
établit 	établi
étaient 	étaient 
était 	était 
étant 	étant 
étape 	étape
étapes 	étape
état 	état 
etats 	etats 
états 	états 
etc 	etc 
été 	été 
étendent 	étend
étendre 	étend
étendu 	étend
êtes 	êtes 
étions 	étions 
étonnantes 	étonnantes 
étranger 	étranger
étrangers 	étranger
être 	être 
étroitement 	étroitement 
étude 	étud
études 	étud
étudiants 	étud
étudié 	étud
euclid 	euclid 
europe 	euro
european 	euro
européen 	européen
européenne 	européen
européennes 	européen
européens 	européen
euros 	euro
eux 	eux 
évacuation 	évacuation 
evaluation 	evaluation 
évaluée 	évaluée 
evaluer 	evaluer 
évaluer 	évaluer 
évapotranspiration 	évapotranspiration 
événements 	événements 
éventuelle 	éventuelle
éventuellement 	éventuelle
évidemment 	évide
évidence 	évide
évitant 	évitant 
évolue 	évolue
évoluer 	évolue
evolution 	evolution 
évolution 	évolution 
evolutive 	evolutive 
évoque 	évoque
évoquer 	évoque
excellents 	excellents 
exceptionnel 	exceptionnel 
excitateurs 	excitateurs 
exclusivement 	exclusivement 
exemple 	exemple 
exenuc 	exenuc 
exercice 	exercice 
exigences 	exigences 
existante 	existante
existantes 	existante
existe 	exist
existence 	exist
expansion 	expansion 
expérience 	expéri
expérimental 	expérimenta
expérimentale 	expérimenta
expérimentation 	expérimentation
expérimentations 	expérimentation
experts 	experts 
explique 	explique
expliquer 	explique
exploit 	exploit
exploiter 	exploit
explorait 	explorait 
exploration 	exploration 
explore 	explore 
exploré 	exploré 
explorer 	explorer 
explose 	explose 
explosifs 	explosifs 
export 	export
exportatrices 	export
exporter 	export
exposition 	exposition 
expression 	expression 
extérieur 	extérieur 
extraction 	extraction 
extraite 	extrait
extraits 	extrait
extrêmement 	extrême
extrêmes 	extrême
eyebrain 	eyebrain 
eyetechcare 	eyetechcare 
fabmake 	fabmake 
fabricant 	fabricant
fabricants 	fabricant
fabrication 	fabrica
fabriqué 	fabriqu
fabriquées 	fabriqu
fabriquer 	fabriqu
fabriqués 	fabriqu
face 	face 
facilement 	facil
facilitant 	facilit
facilitent 	facilit
façon 	façon
façonnable 	façon
facteur 	facteur
facteurs 	facteur
faible 	faible
faibles 	faible
faim 	faim 
faire 	faire 
faisant 	faisant 
fait 	fait 
faits 	faits 
fallait 	fall
falloir 	fall
fallu 	fall
fameux 	fameux 
faudrait 	faudrait 
faut 	faut 
fauteuil 	fauteuil 
faveur 	faveur 
fédérant 	fédéra
fédération 	fédéra
ferrand 	ferrand 
fête 	fête 
feu 	feu 
feuillage 	feuill
feuille 	feuill
février 	février 
fiable 	fiable
fiables 	fiable
fibres 	fibres 
fijus 	fijus 
fil 	fil 
filiale 	filiale 
filière 	filière
filières 	filière
films 	films 
filtre 	filtre 
fin 	fin 
final 	final 
finale 	finale 
finance 	finance
financer 	finance
fine 	fine 
finesse 	finesse 
fini 	fini 
finir 	finir 
fink 	fink 
fins 	fins 
fissures 	fissures 
fixé 	fixé 
fixes 	fixes 
fixés 	fixés 
flagellées 	flagellées 
fleurons 	fleurons 
flottante 	flottante 
focalisation 	focalis
focaliser 	focalis
foie 	foie 
fois 	fois 
fonction 	fonction
fonctionnalité 	fonction
fonctionnant 	fonction
fonctionnelle 	fonction
fonctionnels 	fonction
fonctionnement 	fonction
fonctions 	fonction
fondamentale 	fondamentale
fondamentales 	fondamentale
fondamentaux 	fondamenta
fondateurs 	fonda
fondation 	fonda
font 	font 
fontainebleau 	fontainebleau 
food 	food 
for 	for 
forcément 	forcément 
forêt 	forêt
forêts 	forêt
formalise 	formalise 
formant 	formant 
formation 	formation 
forme 	forme 
forment 	forment 
former 	former 
formes 	formes 
fort 	fort 
fortement 	fortement 
forum 	forum 
fos 	fos 
foulée 	foulée 
fourier 	fourier 
fournisseurs 	fournisseurs 
fraction 	fraction 
fragiles 	fragiles 
français 	français
française 	français
françaises 	français
france 	france 
franche 	franche 
franchir 	franchir 
franco 	franco 
françois 	françois 
francophone 	francophone 
frédéric 	frédéric 
frisbee 	frisbee 
froid 	froid 
fromage 	fromag
fromager 	fromag
fromagère 	fromagère
fromagères 	fromagère
fromagerie 	fromag
fromages 	fromag
front 	front
frontières 	front
fruit 	fruit
fruits 	fruit
fsi 	fsi 
fui 	fui 
fumées 	fumées 
fusion 	fusion
fusionnent 	fusion
futur 	futur 
gabon 	gabon 
gamma 	gamm
gamme 	gamm
gaps 	gaps 
garanti 	garanti
garantie 	garanti
garantir 	garanti
garantissant 	garanti
garder 	garder 
gaspillage 	gaspillage 
gaz 	gaz 
gels 	gels 
gène 	gène 
général 	génér
générale 	génér
généralement 	génér
générales 	génér
génération 	génér
généraux 	génér
générés 	génér
génériques 	génér
gènes 	gènes 
genet 	genet 
génétique 	génétique
génétiques 	génétique
geneviève 	geneviève 
génie 	génie 
gennes 	gennes 
génomique 	génomique 
genre 	genre 
gens 	gens 
genticel 	gent
gentleman 	gent
geo 	geo 
géographie 	géographie 
géomatique 	géomatique 
géométrique 	géométrique 
géophysique 	géophysique 
georges 	georges 
geosud 	geosud 
géothermie 	géothermie 
gestes 	gest
gestion 	gest
giec 	giec 
gilles 	gilles 
glace 	glace 
global 	globa
globale 	globa
globales 	globa
globaux 	globa
glucides 	glucides 
goce 	goce 
goût 	goût 
grâce 	grâce 
graine 	graine
graines 	graine
grand 	grand
grande 	grand
grandes 	grand
grandeur 	grand
grandissant 	grand
grandissent 	grand
grands 	grand
gras 	gras 
gravité 	gravité 
gravures 	gravures 
grèce 	grèce 
grenoble 	grenobl
grenoblois 	grenoblois
grenobloises 	grenoblois
gros 	gros 
groupe 	groupe
groupement 	groupe
groupes 	groupe
guinevere 	guinevere 
habeat 	habeat 
haida 	haida 
haut 	haut
haute 	haut
hautement 	haut
hautes 	haut
hauteur 	haut
hectare 	hectare 
hélicoptère 	héli
hélio 	héli
héliobiotec 	héli
hémangiome 	hémangiome 
hercule 	hercule 
heure 	heure
heures 	heure
hexagone 	hexagone 
hipercom 	hipercom 
hippocampe 	hippocampe 
histoire 	histoire 
hoffmann 	hoffmann 
homéopathiques 	homéopathiques 
homme 	homme
hommes 	homme
honorer 	honorer 
hôpital 	hôpital 
horizon 	horizon 
hormone 	hormone 
howard 	howard 
hpv 	hpv 
hugues 	hugues 
hui 	hui 
huile 	huile
huiles 	huile
humain 	humain
humaines 	humain
humanité 	humanité 
humboldt 	humboldt 
humour 	humour 
hydraulique 	hydr
hydravions 	hydr
hydrogène 	hydr
hydrographie 	hydr
hydrométallurgie 	hydr
hydroxy 	hydr
ibitec 	ibitec 
iccc 	iccc 
ici 	ici 
idée 	idée
idées 	idée
identification 	identifi
identifié 	identifi
identifiée 	identifi
identifiées 	identifi
identifier 	identifi
identifiés 	identifi
identique 	identique
identiques 	identique
ieh 	ieh 
ifremer 	ifremer 
ifsttar 	ifsttar 
ignoré 	ignoré 
igpsc 	igpsc 
iii 	iii 
il 	il 
ile 	ile 
iles 	iles 
illuminer 	illuminer 
ils 	ils 
ilsa 	ilsa 
image 	imag
imagerie 	imag
images 	imag
imageur 	imageur
imageurs 	imageur
imagine 	imagine
imaginer 	imagine
immunochimique 	immunochimique 
impact 	impact
impacts 	impact
impartis 	impartis 
impératif 	impérati
impérativement 	impérati
implantation 	implant
implante 	implant
implantés 	implant
implique 	impliqu
impliqué 	impliqu
impliquées 	impliqu
impliqués 	impliqu
importance 	importan
important 	importan
importante 	importan
importants 	importan
impose 	impose 
imprimée 	imprimée 
impute 	impute 
in 	in 
inattendu 	inattendu 
inaugural 	inaugura
inauguration 	inaugura
incapable 	incapable 
incident 	incident 
incluant 	incluant 
incongru 	incongru 
inconnues 	inconnu
inconnus 	inconnu
incorporé 	incorporé 
inde 	inde 
indépendantes 	indépendantes 
indienne 	indienne 
indique 	indique
indiquer 	indique
indispensable 	indispensable 
individu 	individu
individuelle 	individu
individus 	individu
indusriels 	indus
industrialisation 	industrialis
industrialisé 	industrialis
industrie 	industri
industriel 	industri
industrielle 	industrielle
industrielles 	industrielle
industriels 	industri
inédit 	inédit
inédite 	inédit
infantile 	infantile 
inférieur 	inférieur 
infime 	infime 
influence 	influence
influencer 	influence
influer 	influe
infographie 	infographie 
information 	information
informations 	information
informatique 	informati
infrarouge 	infra
infrastructure 	infra
ingénierie 	ingénie
ingénieur 	ingénieur
ingénieurs 	ingénieur
ingénieursau 	ingénieur
ingérer 	ingérer 
ingérop 	ingérop 
ingrédients 	ingrédients 
initial 	initi
initialement 	initi
initiative 	initi
initié 	initi
initier 	initi
injectable 	injectable 
inn 	inn 
innorobo 	innorobo 
innovantes 	innovant
innovants 	innovant
innovation 	innovation
innovations 	innovation
innovatives 	innovati
innove 	innove 
innovent 	innovent 
innover 	innover 
innovez 	innovez 
inosport 	inosport 
inp 	inp 
inra 	inra 
inria 	inria 
inscrire 	inscri
inscrit 	inscri
inserm 	inserm 
insoluble 	insoluble 
insoupçonnés 	insoupçonnés 
inspirées 	inspirées 
installée 	installée 
instant 	instant 
institut 	institut
institutions 	institut
instituts 	institut
instrument 	instrument
instruments 	instrument
intact 	intact 
intégration 	intégr
intégré 	intégr
intégrer 	intégr
intellectuel 	intellectuel
intellectuelle 	intellectuelle
intellectuelles 	intellectuelle
intelligence 	intelligen
intelligent 	intelligen
intelligente 	intelligen
intelligents 	intelligen
intensif 	intensi
intensité 	intensi
inter 	inter 
interagir 	interagir 
interconnexions 	interconnexions 
interdisciplinarité 	interdisciplinarité 
intéressante 	intéress
intéressantes 	intéress
intéresse 	intéress
intéressées 	intéress
intéressent 	intéress
intéressés 	intéress
intérêt 	intérêt
intérêts 	intérêt
interfaces 	interfaces 
intérieur 	intér
intermédiaires 	intermédiaires 
international 	internationa
internationale 	internationa
internationales 	internationa
internationaux 	internationa
internet 	internet 
intervenant 	interven
interventions 	interven
intestinal 	intestinal 
intitulé 	intitulé
intitulée 	intitulé
intracellulaire 	intracellulaire 
intrinsèque 	intrinsèque
intrinsèques 	intrinsèque
introduction 	introdu
introduit 	introdu
inverse 	invers
inversée 	invers
invest 	invest
investissement 	invest
ioi 	ioi 
ipsen 	ipsen 
ird 	ird 
irm 	irm 
irt 	irt 
isba 	isba 
isolants 	isol
isolé 	isol
isolée 	isol
isolément 	isol
issanchou 	issanchou 
issue 	issue 
issues 	issues 
issus 	issus 
iter 	iter 
iut 	iut 
izest 	izest 
j 	j 
jacques 	jacques 
jamais 	jamais 
james 	james 
janvier 	janvier 
japon 	japon 
je 	je 
jean 	jean 
jérôme 	jérôme 
jet 	jet 
jeune 	jeune
jeunes 	jeune
joseph 	joseph 
jour 	jour
journée 	jour
journées 	jour
jours 	jour
jules 	jules 
jun 	jun 
jus 	jus 
jusqu 	jusqu 
jwst 	jwst 
km 	km 
là 	là 
laad 	laad 
label 	label 
labellisé 	labellisé 
labex 	labex 
laboratoire 	laboratoire
laboratoires 	laboratoire
laissé 	laiss
laisser 	laiss
lait 	lait 
laitière 	laitière
laitières 	laitière
laitiers 	laitiers 
lance 	lance 
lancé 	lancé 
lancées 	lancées 
lancement 	lancement 
lanceur 	lanceur 
langevin 	langevin 
lanréotide 	lanréotide 
laquelle 	laquelle 
large 	large 
larynx 	larynx 
laser 	laser
lasers 	laser
latin 	latin 
lauréat 	laur
lauréats 	laur
laurence 	laur
laurier 	laur
lavet 	lavet 
leader 	leader 
learning 	learning
learninglab 	learning
lecture 	lecture 
led 	led 
lee 	lee 
légume 	légume
légumes 	légume
lem 	lem 
lequel 	lequel 
lesquelles 	lesquel
lesquels 	lesquel
leti 	leti 
lettre 	lettre 
leur 	leur
leurs 	leur
lève 	lève 
levés 	levés 
lewiner 	lewiner 
liberté 	liberté 
libres 	libres 
lié 	lié 
liée 	liée 
liés 	liés 
lieu 	lieu
lieux 	lieu
ligne 	ligne
lignes 	ligne
limitations 	limit
limitées 	limit
limiter 	limit
linéaire 	linéaire 
lipidiques 	lipidiques 
lipoprotéines 	lipoprotéines 
lipstic 	lipstic 
lirmm 	lirmm 
liten 	liten 
litres 	litres 
littérature 	littérature 
livatag 	livatag 
livrer 	livrer 
localiser 	localis
localisés 	localis
loft 	loft 
logiciel 	logiciel
logiciels 	logiciel
logique 	logi
loi 	loi 
loin 	loin 
loisirs 	loisirs 
longévité 	long
longtemps 	long
longue 	long
lors 	lors
lorsque 	lors
loyaux 	loyaux 
lui 	lui 
lumière 	lumi
lumineuse 	lumi
lutte 	lutte
lutter 	lutte
lyon 	lyon
lyonnais 	lyonnais
lyonnaise 	lyonnais
m 	m 
ma 	ma 
machines 	machines 
magnétique 	magn
magnifique 	magn
main 	main 
mains 	mains 
maintenant 	mainten
maintenir 	mainten
mais 	mais 
maîtrise 	maîtris
maîtrisé 	maîtris
maîtriser 	maîtris
majeur 	majeur
majeure 	majeur
majoritaire 	majorit
majorité 	majorit
malades 	malad
maladie 	maladie
maladies 	maladie
malgré 	malgré 
mamba 	mamba 
mamirolle 	mamirolle 
manger 	manger 
manière 	manière 
manips 	manips 
manipuler 	manipuler 
manque 	manque
manques 	manque
manufacturées 	manufacturées 
maquette 	maquette 
marc 	marc 
marché 	marché
marchés 	marché
marines 	marines 
marius 	marius 
marquantes 	marquantes 
matériau 	matériau
matériaux 	matériau
maternel 	maternel 
mathématicien 	mathémati
mathématiques 	mathémati
mathias 	mathias 
matière 	matière 
maturation 	matur
maturité 	matur
mauvais 	mauvais 
me 	me 
mécanismes 	méca
mécatronique 	méca
mechanics 	mechanics 
med 	med 
med23 	med23 
médaille 	médaille 
médecine 	médecine 
médiateur 	médiateur 
médical 	médica
médicale 	médica
médicament 	médicament
médicaments 	médicament
méditerranée 	méditerranée
méditerranéen 	méditerranée
medtec 	medtec
medtech 	medtec
megha 	megha 
meilleur 	meilleur
meilleures 	meilleur
meilleurs 	meilleur
mélangé 	mélangé 
membranaire 	membranaire
membranaires 	membranaire
membres 	membr
même 	même
mêmes 	même
mémoire 	mémoire
mémoires 	mémoire
mémorisation 	mémoris
mémorise 	mémoris
mémoriser 	mémoris
menace 	menace 
menée 	menée 
menées 	menées 
menés 	menés 
menu 	menu 
mer 	mer 
mercure 	mercure 
mère 	mère
mères 	mère
message 	message
messages 	message
mesure 	mesure
mesurer 	mesure
mesures 	mesure
met 	met 
métaboliques 	métabol
métabolisme 	métabol
métabolome 	métabol
métagénomique 	méta
metagenopolis 	metagenopolis 
métaux 	méta
météo 	météo 
méthanisation 	méthanis
méthaniseur 	méthanis
méthodes 	méth
métier 	métier
métiers 	métier
mètres 	mètres 
mettant 	mett
mettre 	mett
meute 	meute 
micelles 	micelles 
michael 	michael 
micro 	micro
microalgues 	micro
microbienne 	micro
microbiote 	micro
microélectronique 	micro
microencapsulation 	micro
microns 	micro
microprocesseurs 	micro
microscopie 	micro
microsystèmes 	micro
midi 	midi
midinnov 	midi
mieux 	mieux 
milieu 	milieu 
militaire 	milita
militaro 	milita
mille 	mille 
milliards 	milliards 
millilitres 	millilitres 
millions 	millions 
min 	min 
minces 	minces 
minérale 	minérale 
mines 	mines 
minet 	minet 
minimiser 	minimiser 
minimum 	minimum 
ministre 	ministre 
miri 	miri 
miroirs 	miroirs 
mis 	mis 
mise 	mise 
mission 	mission
missions 	mission
mit 	mit 
mixte 	mixte 
mm 	mm 
mobile 	mobil
mobiles 	mobil
mobilise 	mobil
mobilisées 	mobil
mobilité 	mobilité
mobilités 	mobilité
mode 	mode 
modèle 	modèle
modèles 	modèle
modélisation 	modélisation 
modes 	modes 
modifiant 	modifi
modification 	modifi
modifiée 	modifi
modifier 	modifi
module 	module
modulent 	module
moindre 	moindre 
moins 	moins 
mois 	mois 
moitié 	moitié 
moléculaire 	molécul
molécule 	molécul
molécules 	molécul
moment 	moment 
mon 	mon 
monde 	monde 
mondial 	mondia
mondiale 	mondia
mondialement 	mondia
mondiaux 	mondia
montagne 	montagne
montagnes 	montagne
monte 	monte 
montpellier 	montpellier 
montré 	montré 
montrer 	montrer 
moore 	moore 
morpho 	morpho 
mot 	mot 
moteur 	moteur 
motif 	motif 
moules 	moules 
moussantes 	mouss
mousse 	mouss
mousses 	mouss
mouvements 	mouvements 
moyenne 	moyenne 
ms 	ms 
multi 	multi
multimédia 	multi
multiplication 	multi
multiprotéique 	multi
mur 	mur 
muraille 	muraille 
muscade 	muscade 
muséum 	muséum 
mutation 	mutation
mutations 	mutation
mutée 	mutée 
myrte 	myrte 
n 	n 
nacl 	nacl 
nacre 	nacre 
naissance 	naissance 
naître 	naître 
nalini 	nalini 
nano 	nano 
nanoconstruction 	nanoconstruction 
nanoh2 	nanoh2 
nanomatériaux 	nanomatériaux 
nanomètres 	nanomètres 
nanométrique 	nanométrique 
nanoparticules 	nanoparticules 
nanotechmap 	nanotech
nanotechnologies 	nanotech
nanotube 	nanotube
nanotubes 	nanotube
nantes 	nantes 
naskéo 	naskéo 
national 	national
nationale 	national
nature 	nature
naturel 	nature
naturelle 	naturelle
naturelles 	naturelle
naturels 	nature
naval 	naval 
ne 	ne 
néanmoins 	néanmoins 
nécessaire 	nécessaire
nécessairement 	nécessaire
nécessaires 	nécessaire
nécessite 	nécessit
nécessité 	nécessit
nécessitent 	nécessit
necker 	necker 
née 	née 
nerveux 	nerveux 
net 	net 
nettoyer 	nettoyer 
neuro 	neuro
neurobiologie 	neuro
neurologique 	neuro
neuronal 	neuro
neurones 	neuro
neurosensorielles 	neuro
neurotoxicité 	neuro
neutrons 	neutrons 
newvectys 	newvectys 
nice 	nice 
niches 	niches 
nîmes 	nîmes 
niveau 	niveau
niveaux 	niveau
nm 	nm 
nobel 	nobel 
nom 	nom 
nombre 	nombre
nombreux 	nombre
non 	non 
nord 	nord 
nos 	nos 
notamment 	notamment 
notre 	notre 
notz 	notz 
nourrir 	nourrir 
nous 	nous 
nouveau 	nouveau
nouveaux 	nouveau
nouvel 	nouve
nouvelle 	nouvelle
nouvelles 	nouvelle
novachim 	novachim 
novaqt 	novaqt 
novembre 	novembre 
nu 	nu 
nucadvisor 	nucadvisor 
nucléaire 	nucléaire 
nuisibles 	nuisibles 
nuit 	nuit 
numérique 	numérique
numériques 	numérique
nutraceutiques 	nutr
nutrition 	nutrition
nutritionnel 	nutritionnel
nutritionnelle 	nutritionnel
obésité 	obésité 
objectif 	objectif
objectifs 	objectif
objet 	obje
objets 	obje
obligatoirement 	obligatoirement 
observation 	observ
observe 	observ
observé 	observ
observée 	observ
observées 	observ
observer 	observ
obtenir 	obten
obtenu 	obten
obtenue 	obten
obtenus 	obten
ocari 	ocari 
occasion 	occasion 
occupent 	occupent 
occurrence 	occurrence 
océanographie 	océanographie 
oceans 	oceans 
octapeptide 	octapeptide 
oculaires 	ocul
oculomoteurs 	ocul
oeil 	oeil 
oeuvre 	oeuvre 
officielles 	officielles 
oléagineuse 	oléagineuse
oléagineuses 	oléagineuse
on 	on 
onde 	onde
ondes 	onde
ont 	ont 
opaline 	opaline 
open 	open
openlab 	open
opérateurs 	opérat
opérationnelle 	opérationnelle
opérationnelles 	opérationnelle
opte 	opte 
optifel 	optifel 
optimisant 	optimi
optimisation 	optimi
optimisent 	optimi
optimization 	optimi
optique 	optique
optiques 	optique
optronique 	optronique 
or 	or 
ordre 	ordre 
oréal 	oréal 
orée 	orée 
ores 	ores 
organe 	organ
organiques 	organ
organise 	organ
organisé 	organ
organisent 	organ
organismes 	organ
orienter 	orienter 
original 	origin
originale 	origin
originales 	origin
originaux 	origin
origine 	origin
os 	os 
osmotique 	osmotique 
osseuses 	osseuses 
ou 	ou 
où 	où 
oublier 	oublier 
outil 	outil
outils 	outil
ouverte 	ouvert
ouverture 	ouvert
ouvre 	ouvre 
ouvrir 	ouvrir 
ovations 	ovations 
ovoïde 	ovoïde 
oxy 	oxy 
paca 	paca 
pacte 	pacte 
paléoanthropologue 	paléoanthropologue 
palme 	palme 
palmier 	palmier
palmiers 	palmier
palmivore 	palmivore 
pancréatiques 	pancréatiques 
panel 	panel 
panorama 	panorama 
papiers 	papi
papillon 	papi
parallèle 	parallèle
parallèlement 	parallèle
parcouru 	parcouru 
parentales 	parent
parenthèse 	parent
parents 	parent
parfaitement 	parfaitement 
parfois 	parfois 
pari 	pari 
paris 	paris 
paristech 	paristech 
parkinson 	parkinson 
parle 	parle 
parmi 	parmi 
part 	part 
partagent 	partagent 
partenaire 	partenaire
partenaires 	partenaire
partenariat 	partena
participant 	particip
participation 	particip
participé 	particip
participent 	particip
participons 	particip
particularité 	particul
particulier 	particul
particulière 	particulière
particulièrement 	particulière
particuliers 	particul
partie 	partie 
partir 	partir 
partnering 	partnering 
parvenir 	parven
parvenus 	parven
pas 	pas 
pascale 	pascale 
pass 	pass 
passant 	passant 
passe 	passe 
passée 	passée 
passer 	passer 
pastel 	paste
pasteur 	paste
paternité 	paternité 
pathoquest 	pathoquest 
patient 	patient
patients 	patient
pays 	pays 
pcd 	pcd 
pécresse 	pécresse 
pect 	pect 
pédagogiques 	pédagogiques 
pédiatres 	pédiatres 
pékin 	pékin 
pendant 	pendant 
pense 	pense 
pepsine 	pepsine 
peptide 	peptide
peptides 	peptide
perdent 	perdent 
pérennité 	pérennité 
performance 	performance
performances 	performance
performants 	performan
périmètre 	péri
périodes 	péri
périphériques 	péri
permanence 	perm
permet 	perm
permettait 	perm
permettant 	perm
permettent 	perm
permettrait 	perm
permettre 	perm
permettront 	perm
permis 	perm
persistant 	pers
personne 	pers
personnes 	pers
perspectives 	pers
persuadés 	pers
pertinente 	pertinente 
pesées 	pesées 
peser 	peser 
petit 	petit
petite 	petit
petits 	petit
peu 	peu 
peuplent 	peuplent 
peut 	peut 
peuvent 	peuvent 
pharma 	pharma
pharmaceutique 	pharma
phase 	phase 
phea 	phea 
phénoarch 	phénoarch 
phenome 	phenome 
phénomène 	phénomène 
phénotypage 	phénotypage 
phéromone 	phéromone 
phosphate 	phosphat
phosphatés 	phosphat
photo 	photo
photonics 	photo
photons 	photo
photosynthèse 	photo
photovoltaïque 	photo
physical 	physi
physicien 	physi
physico 	physi
physiologiques 	physi
physique 	physi
physiques 	physi
phytochip 	phytochip 
pièce 	pièce
pièces 	pièce
pierre 	pierr
pierrot 	pierr
pile 	pile 
piles 	piles 
pilote 	pilote 
pionnières 	pionnières 
piste 	piste
pistes 	piste
pixels 	pixels 
place 	place 
placer 	placer 
placés 	placés 
plaine 	plaine 
plaisir 	plaisir 
plan 	plan 
plancton 	plancton 
plane 	plane 
planétaires 	planétaires 
planète 	planète 
plante 	plante
plantes 	plante
plaques 	plaques 
plasticité 	plast
plastipolis 	plast
plastique 	plastique
plastiques 	plastique
plasturgie 	plast
plate 	plate
plateforme 	plateforme
plateformes 	plateforme
pléiades 	pléiades 
plein 	plein 
plupart 	plupart 
pluridisciplinarité 	pluridisciplinarité 
plus 	plus 
plusieurs 	plusieurs 
plutôt 	plutôt 
pme 	pme 
point 	point
pointe 	point
poissons 	poissons 
polar 	polar 
pôle 	pôle
pôles 	pôle
poligny 	poligny 
pollens 	poll
pollution 	poll
pologne 	pologne 
polymérase 	poly
polymères 	poly
polyphénols 	poly
polytechniciens 	poly
polytechnique 	poly
population 	population
populations 	population
porosité 	porosité 
portable 	portable
portables 	portable
porte 	porte 
portée 	portée 
portefeuille 	portefeuille 
portent 	portent 
portes 	portes 
portés 	portés 
porteurs 	porteurs 
positif 	positi
positionnées 	positi
positive 	positi
possède 	possède 
possibilité 	possib
possible 	possible
possibles 	possible
postes 	postes 
potentialités 	potenti
potentiel 	potentiel
potentiellement 	potentiel
potentielles 	potentiel
potentiels 	potentiel
pourquoi 	pourquoi 
pourraient 	pourrai
pourrait 	pourrai
pourront 	pourront 
poursuit 	poursui
poursuivent 	poursui
pourtant 	pourtant 
pourtour 	pourtour 
poussées 	poussées 
pouvant 	pouvant 
pouvoir 	pouvoir 
pratique 	pratique
pratiquent 	pratique
pratiques 	pratique
précis 	précis
précise 	précis
précisément 	précis
précisons 	précis
précoces 	précoces 
préconise 	préconise 
prédiction 	prédi
prédire 	prédi
prédisposées 	prédi
prédit 	prédi
préférences 	préférences 
préhistoriens 	préhistoriens 
premier 	premi
première 	première
premières 	première
premiers 	premi
prenant 	prenant
prenante 	prenant
prendre 	prendre 
préparation 	préparation
préparations 	préparation
préparons 	prépar
près 	près 
présent 	présent
présentations 	présent
présente 	présent
présentent 	présent
présentes 	présent
préserver 	préserver 
président 	président
présidents 	président
presque 	presque 
pression 	pression 
prestigieux 	prestigieux 
présure 	présure
présures 	présure
prétendre 	prétendre 
prétraitements 	prétraitements 
prêts 	prêts 
prévention 	prévention 
prévoir 	prévoir 
prévu 	prévu 
prides 	prides 
primitif 	primitif 
principal 	principa
principalement 	principa
principaux 	principa
priorités 	priorités 
prise 	prise 
privée 	privée 
prix 	prix 
problématique 	problématique
problématiques 	problématique
problème 	probl
procédé 	procéd
procéder 	procéd
procédés 	procéd
process 	process
processeur 	process
processeurs 	process
processus 	process
prochain 	prochain
prochaine 	prochain
prochains 	prochain
proche 	proche 
production 	producti
productive 	producti
produire 	produ
produisant 	produ
produit 	produ
produits 	produ
profession 	profession
professionnelle 	profession
professionnels 	profession
professionpour 	profession
profil 	profil 
profonde 	profonde 
programmables 	progr
programme 	progr
programmer 	progr
programmes 	progr
progrès 	progr
progressive 	progr
progressivement 	progr
projet 	projet
projets 	projet
promesses 	promesses 
prometteur 	prometteu
prometteurs 	prometteu
prometteuse 	prometteuse
prometteuses 	prometteuse
promotion 	promotion 
propack 	propack 
propice 	propice 
proportion 	proportion 
proposant 	proposant 
propose 	propose 
proposée 	proposée 
proposer 	proposer 
propre 	propre 
propriété 	propriété
propriétés 	propriété
protecteurs 	protect
protection 	protect
protéger 	protéger 
protéine 	protéine
protéines 	protéine
protéique 	protéique 
protéolytiques 	protéolytiques 
prôtis 	prôtis 
protocole 	protocole 
prototype 	prototype
prototypes 	prototype
prouver 	prouver 
provenant 	prove
provence 	prove
provepharm 	prove
psa 	psa 
psychologique 	psychologique 
pu 	pu 
publication 	publi
publications 	publi
publics 	publi
publie 	publi
publié 	publi
publier 	publi
publiés 	publi
puce 	puce
puces 	puce
puis 	puis
puisqu 	puis
puisque 	puis
puissants 	puis
puisse 	puis
puissent 	puis
pulsé 	pulsé 
pure 	pure 
pyrénées 	pyrénées 
qu 	qu 
qualifiables 	qualifi
qualification 	qualifi
qualifie 	qualifi
qualifient 	qualifi
qualité 	quali
quand 	quand 
quant 	quant 
quantifier 	quantifier 
quantité 	quantité 
quatre 	quatr
quatrième 	quatr
que 	que 
quel 	quel 
quelle 	quelle 
quelque 	quelque
quelques 	quelque
question 	question
questionnaire 	questionnaire
questionnaires 	questionnaire
quotidien 	quotidien
quotidiens 	quotidien
racheté 	racheté 
radeaux 	radeaux 
radicaux 	radicaux 
radio 	radio 
raid 	raid 
raisin 	raisin 
raisol 	raisol 
raison 	raison 
ralentir 	ralentir 
ramenée 	ramenée 
rapide 	rapide
rapidement 	rapide
rapides 	rapide
rappelle 	rappel
rappelons 	rappel
rapport 	rapport 
rapprochement 	rapprochement 
rares 	rares 
rassemble 	rassemble
rassemblement 	rassemble
rassembler 	rassemble
rat 	rat 
rationaliser 	rationaliser 
rayon 	rayon
rayons 	rayon
réalisé 	réali
réalisée 	réali
réalisées 	réali
réaliser 	réali
réalisés 	réali
réalité 	réali
récemment 	réce
récentes 	réce
réception 	réce
recette 	recette
recettes 	recette
réchauffement 	réchauffement 
recherche 	recherche
recherches 	recherche
reçoit 	reçoi
reçoivent 	reçoi
récolte 	récolte 
recommandations 	recommandations 
récompense 	récompens
récompensé 	récompens
récompensés 	récompens
record 	record 
recouvre 	recouvre 
recruté 	recruté 
recuites 	recuites 
récupérer 	récupérer 
reçus 	reçus 
réduire 	rédui
réduisant 	rédui
réduit 	rédui
réel 	réel
réelle 	réelle
réelles 	réelle
réémettre 	réémettre 
réfléchissent 	réfl
réflexion 	réfl
reflow 	reflow 
reforment 	reforment 
réfrigérateur 	réfrigérateur
réfrigérateurs 	réfrigérateur
refrigeration 	refrigeration 
refroidir 	refroidir 
région 	région
régional 	région
régionale 	région
régionales 	région
régionaux 	région
régions 	région
régissent 	régi
règles 	règles 
règne 	règne 
regond 	regond 
regroupe 	regroupe
regroupement 	regroupe
regrouper 	regroupe
régulation 	régul
régulent 	régul
réinjecter 	réinjecter 
rejeté 	rejet
rejets 	rejet
rejoindre 	rejoindre 
relâchés 	relâchés 
relais 	relais 
relations 	relations 
relève 	relève 
relever 	relever 
remarquable 	remarquable
remarquablement 	remarquable
remet 	remet
remettant 	remet
rémi 	rémi 
remis 	remis 
rencontre 	rencontr
rencontré 	rencontr
rencontrer 	rencontr
rencontres 	rencontr
rendement 	rendement 
rendent 	rendent 
rendez 	rendez 
rendre 	rendre 
rendus 	rendus 
renferme 	renferme
renferment 	renferme
renforcement 	renforcement 
renouvelables 	renouvelables 
renversement 	renversement 
réorganise 	réorganise 
réparation 	réparation 
reparti 	reparti 
repas 	repas 
repérer 	repérer 
répond 	répon
répondre 	répon
réponse 	réponse
réponses 	réponse
représentatifs 	représent
représente 	représent
représenter 	représent
reproductives 	reprodu
reproduire 	reprodu
réputé 	réputé
réputées 	réputé
réputés 	réputé
réseau 	réseau
réseaux 	réseau
résection 	résection 
résidus 	résidus 
resif 	resif 
résolument 	résolu
résolution 	résolu
respect 	respect
respectant 	respect
respecter 	respect
respectives 	respect
responsables 	resp
resqme 	resqme 
ressembler 	ress
ressources 	ress
restait 	rest
reste 	rest
resté 	rest
restent 	rest
restera 	rest
restes 	rest
résultats 	résultats 
résume 	résume 
retd 	retd 
retorik 	retorik 
retour 	retour
retournement 	retour
retrouve 	retrouve
retrouver 	retrouve
réunion 	réuni
réunis 	réuni
réunissant 	réuni
réussi 	réussi
réussite 	réussi
réutilisation 	réutilis
réutiliser 	réutilis
réversible 	réversible 
revêtement 	revêtement 
revient 	revient 
review 	review 
revivre 	revivre 
révolution 	révolution 
revue 	revue 
rhepatch 	rhepatch 
rhônalpines 	rhônalpines 
ricin 	ricin 
rigide 	rigid
rigidité 	rigid
riment 	riment 
risques 	risques 
rmt 	rmt 
robot 	robot
roboticien 	robot
robotics 	robot
robotique 	robot
robotisés 	robot
robots 	robot
robustes 	robustes 
roger 	roger 
rôle 	rôle 
rotation 	rotation 
roulant 	roulant 
route 	route 
ruminants 	ruminants 
rupture 	rupture 
russie 	russie 
s 	s 
sa 	sa 
saclay 	saclay 
safran 	safran 
sainte 	sainte 
sait 	sait 
salariés 	salariés 
salle 	salle 
salon 	salon
salons 	salon
salsifis 	salsifis 
sanguin 	sanguin 
sanofi 	sanofi 
sans 	sans 
santé 	santé 
sarcob 	sarco
sarcopénique 	sarco
satellite 	satellite
satellites 	satellite
satiété 	satiété 
sauver 	sauver 
savety 	savety 
saveur 	saveur 
savoie 	savoi
savoir 	savoi
scénarios 	scénarios 
science 	science
sciences 	science
scientifique 	scientifique
scientifiques 	scientifique
screening 	screening 
se 	se 
sea 	sea 
seb 	seb 
sécheresse 	sécheresse 
second 	second
seconde 	second
secrets 	secrets 
secteur 	secteur
secteurs 	secteur
ségalen 	ségalen 
sein 	sein 
sel 	sel 
sélectionné 	sélectionné 
selon 	selon 
semaine 	semaine 
semble 	semble
semblerait 	semble
semi 	semi 
séminaire 	séminaire 
sénart 	sénart 
seniors 	seniors 
sens 	sens 
sensible 	sensible
sensibles 	sensible
sensoriel 	sensoriel
sensorielle 	sensorielle
sensorielles 	sensorielle
sensostat 	sensostat 
sentinelles 	sentinelles 
séparatives 	séparatives 
septembre 	septembre 
séquençage 	séquençage 
sera 	sera
seraient 	sera
serait 	sera
série 	série 
seront 	seront 
sérotonine 	sérotonine 
serpents 	serpents 
serre 	serre 
sert 	sert 
servi 	servi
service 	service
services 	service
ses 	ses 
seuil 	seuil 
seul 	seul 
seule 	seule 
seulement 	seulement 
sevrage 	sevrage 
shampoings 	shampoings 
show 	show 
shs 	shs 
si 	si 
sig 	sig 
signature 	signature 
signaux 	signaux 
significatifs 	significati
significative 	significative
significativement 	significative
significatives 	significative
silencieuses 	silencieu
silencieux 	silencieu
silice 	silic
silicium 	silic
silico 	silic
silicon 	silic
silver 	silver 
simple 	simple
simples 	simple
simulateur 	simulateur
simulateurs 	simulateur
simulations 	simulat
sismiques 	sismiques 
site 	site 
sites 	sites 
situation 	situation 
smartox 	smartox 
smos 	smos 
snecma 	snecma 
sociales 	soci
société 	soci
society 	soci
sofradir 	sofradir 
soient 	soient 
soit 	soit 
sol 	sol 
solaire 	solaire
solaires 	solaire
soldées 	soldées 
soleil 	soleil 
solidaire 	solidaire 
solide 	solide 
solides 	solides 
solitaire 	solitaire 
sollicitations 	sollicitations 
sols 	sols 
solution 	solution
solutions 	solution
somatostatine 	somatostatine 
sommes 	somme
sommet 	somme
son 	son 
sonde 	sonde
sonder 	sonde
sondes 	sonde
sont 	sont 
sophia 	sophia 
sorte 	sorte 
souhaitant 	souhait
souhaite 	souhait
souhaité 	souhait
souhaitent 	souhait
souhaitons 	souhait
souligne 	souligne 
soumis 	soumis 
source 	source 
sous 	sous 
soutien 	soutien
soutient 	soutien
souvent 	souvent 
soyons 	soyons 
space 	space 
spatiale 	spatia
spatiaux 	spatia
spécialisée 	spécialis
spécialistes 	spécialis
spécifique 	spécifique
spécifiques 	spécifique
spectre 	spectr
spectroscopie 	spectroscopi
spectroscopiques 	spectroscopi
sphériques 	sphériques 
spir 	spir
spiral2 	spir
spontanément 	spontanément 
sport 	sport 
stabilise 	stabilise
stabilisent 	stabilise
stabiliser 	stabilise
stable 	stable 
stand 	stand 
start 	start 
stéarique 	stéarique 
stimulus 	stimulus 
stmicroelectronics 	stmicroelectronics 
stocker 	stocker 
strasbourg 	strasbourg 
stratégiques 	stratégiques 
stratobus 	stratobus 
strictes 	strictes 
structurales 	structur
structure 	structur
structures 	structur
su 	su 
substituant 	substitu
substitue 	substitu
succès 	succès 
successivement 	successivement 
sucre 	sucre 
sud 	sud 
suggère 	suggère 
suite 	suite 
suivi 	suivi
suivies 	suivi
sujet 	sujet 
sunaero 	suna
sunaéro 	suna
supagro 	supagro 
supercalculateur 	supercalculateur 
supérieur 	supérieur 
superposant 	superposant 
supméca 	supméca 
supply 	supply 
support 	support
supports 	support
supposaient 	supposa
supposant 	supposa
sûr 	sûr 
surface 	surface 
surprenant 	surprenant 
surtout 	surtout 
surveillance 	surveillance 
survivre 	survivre 
sustainable 	sustainable 
sylvie 	sylvie 
symbiose 	symbiose 
sympathique 	sympathique 
synchrotron 	synchrotron 
syndromiques 	syndromiques 
synthèse 	synth
synthétiques 	synthéti
synthétiser 	synthéti
system 	syst
système 	système
systèmes 	système
t 	t 
t2 	t2 
tactiles 	tactiles 
taille 	taille 
talents 	talents 
tant 	tant 
tara 	tara 
taxibot 	taxibot 
tcf4 	tcf4 
techniciens 	techn
technique 	technique
techniques 	technique
technolgique 	techn
technologie 	technolog
technologies 	technolog
technologique 	technologique
technologiques 	technologique
technology 	technolog
technopôle 	techn
tecnalia 	tecnalia 
tel 	tel 
télécommunications 	télé
téléphone 	téléphon
téléphones 	téléphon
téléphonie 	téléphon
telescope 	telescope 
telit 	telit 
telle 	telle
telles 	telle
tels 	tels 
témoignages 	témoignages 
température 	temp
températures 	temp
temporel 	temp
temps 	temp
tenace 	tenace 
teneur 	teneur 
tensioactifs 	tensioacti
tensioactive 	tensioactive
tensioactives 	tensioactive
tentatives 	tentatives 
tentent 	tentent 
tenue 	tenue 
teratec 	teratec 
terifiq 	terifiq 
terme 	terme
termes 	terme
terrain 	terrain 
terre 	terre 
terrestre 	terrestre 
territoires 	territoires 
test 	test
testé 	test
testée 	test
tests 	test
tête 	tête 
textiles 	text
texture 	text
the 	the 
thématique 	thématique
thématiques 	thématique
théorème 	théor
théorique 	théor
thermonucléaire 	thermonucléaire 
thèse 	thèse 
thierry 	thierry 
through 	through 
tiendra 	tiendra 
tiers 	tiers 
timbre 	timbre 
tince 	tince 
tissus 	tissus 
titane 	titane 
tld 	tld 
tolérance 	tolérance 
tonnes 	tonnes 
topologiques 	topologiques 
torpiller 	torpiller 
totalement 	total
totalisent 	total
toujours 	toujours 
toulouse 	toulouse 
tourin 	tourin 
tournesol 	tournesol 
tous 	tous 
tout 	tout 
toute 	toute 
toutes 	toutes 
toxiques 	toxiques 
tpe 	tpe 
tracker 	tracker 
traditionnel 	traditionnel
traditionnelles 	traditionnel
traditionnels 	traditionnel
traitement 	trait
traits 	trait
trajets 	trajets 
transcription 	trans
transcriptionnelle 	trans
transcriptomes 	trans
transcrits 	trans
transdermique 	trans
transfère 	trans
transférée 	trans
transférés 	trans
transfert 	trans
transformer 	trans
transistor 	trans
transistors 	trans
transition 	trans
transitoire 	trans
transmission 	trans
transport 	trans
traumatisme 	traumatisme 
travail 	travail
travaillaient 	travail
travaillant 	travail
travaille 	travail
travaillent 	travail
travailler 	travail
travaux 	travaux 
travers 	travers
traversants 	travers
très 	très 
trésorier 	trésorier 
tribart 	tribart 
trimatec 	trimatec 
trimestre 	trimestre 
trois 	trois 
trop 	trop 
tropicale 	tropicale 
tropiques 	tropiques 
trouble 	trouble
troubles 	trouble
trouve 	trouve
trouver 	trouve
trouverez 	trouve
trustinsoft 	trustinsoft 
try 	try 
tsv 	tsv 
tubes 	tubes 
tumeur 	tumeur
tumeurs 	tumeur
tunisiens 	tunisiens 
turboméca 	turboméca 
type 	type
types 	type
ulis 	ulis 
ultra 	ultra
ultrasons 	ultra
umt 	umt 
union 	union 
unique 	unique 
unis 	unis 
unitaire 	unitaire 
unité 	unité 
unités 	unités 
univers 	univers
universitaire 	universitaire
universitaires 	universitaire
université 	universit
universités 	universit
uns 	uns 
up 	up 
upmc 	upmc 
ups 	ups 
urtal 	urtal 
usage 	usage 
usines 	usines 
usure 	usure 
utérus 	utérus 
utile 	util
utilisant 	utilis
utilisateurs 	utilis
utilisation 	utilis
utilisé 	utilis
utilisée 	utilis
utilisées 	utilis
utiliser 	utilis
utilisés 	utilis
va 	va 
vaccins 	vaccins 
vaimos 	vaimos 
valérie 	valérie 
validation 	validation 
valider 	valider 
validés 	validés 
validité 	validité 
valises 	valises 
valorisant 	valoris
valorisation 	valoris
valorisé 	valoris
valoriser 	valoris
valrose 	valrose 
variabilité 	variabilité 
variation 	variation
variations 	variation
varie 	varie 
variée 	variée 
varier 	varier 
variés 	variés 
variétés 	variétés 
varsovie 	varsovie 
vastes 	vastes 
veau 	veau 
vectorisée 	vectorisée 
vega 	vega 
végétale 	végéta
végétation 	végéta
végétaux 	végéta
veille 	veille 
venez 	venez 
venin 	venin 
venins 	venins 
venir 	venir 
veolia 	veolia 
vérification 	véri
véritable 	véritable
véritables 	véritable
verne 	verne 
verre 	verre 
vers 	vers 
vert 	vert 
verte 	verte 
vertus 	vertus 
via 	via 
viable 	viable 
vias 	vias 
vice 	vice 
vidéo 	vidéo 
vie 	vie 
vieillissement 	vieillissement 
viennent 	viennent 
vies 	vies 
vigne 	vigne 
villani 	vill
ville 	vill
villes 	vill
vin 	vin 
vingt 	vingt 
vinneo 	vinneo 
vins 	vins 
vircopal 	vircopal 
virginie 	virginie 
virtuelle 	virtuel
virtuels 	virtuel
vis 	vis 
visant 	visant 
vise 	vise 
visiblement 	visible
visibles 	visible
vision 	vision 
visites 	visites 
visualisation 	visualis
visualiser 	visualis
vit 	vit 
vitagora 	vitagora 
vitamine 	vitamine 
vite 	vite 
vitesse 	vitesse 
viticole 	viticole 
vivant 	vivant
vivantes 	vivant
vivo 	vivo 
vivre 	vivre 
vivrons 	vivrons 
voie 	voie 
voilier 	voilier
voiliers 	voilier
voir 	voir 
voire 	voire 
voiture 	voiture 
vol 	vol 
volet 	volet 
volonté 	volonté 
vols 	vols 
volume 	volume 
vont 	vont 
voulez 	voulez 
vous 	vous 
vousc 	vousc 
vraie 	vrai
vraiment 	vrai
vu 	vu 
vue 	vue 
wafers 	wafers 
wany 	wany 
webb 	webb 
west 	west 
win 	win 
wisea 	wisea 
x 	x 
y 	y 
yeux 	yeux 
de
l
la
des
pour
et
d
un
de
du
le
une
les
en
l
dans
de
la
au
des
sur
qui
avec
est
par
pour
et